id,title,description,topic,difficulty,company,platform,source_url,status,is_favorite,notes,created_at,updated_at,last_practiced_at,next_revision_at,revision_priority,tags,owner_id
Q-1001,Two Sum,Find two numbers in array that add up to target,Arrays,Easy,Google,LeetCode,https://leetcode.com/problems/two-sum/,Solved,true,Use hash map for O(n) time and O(n) space. Handle duplicates carefully.,1774000000,1790402705,1774000000,1790489105,1,hash-table;two-pointers;array,local_user
Q-1002,Binary Search,Find target value within a sorted array,BinarySearch,Easy,Amazon,LeetCode,https://leetcode.com/problems/binary-search/,Solved,false,Guard against integer overflow with mid = low + (high - low) / 2.,1774000100,1774000100,1774000100,1774600000,2,binary-search;array,local_user
Q-1003,Reverse Linked List,Reverse a singly linked list in-place,LinkedLists,Easy,Microsoft,LeetCode,https://leetcode.com/problems/reverse-linked-list/,Solved,true,Iterative 3-pointer method (prev curr next) is O(1) space. Recursive approach uses call stack.,1774000200,1774000200,1774000200,1774200000,1,linked-list;recursion,local_user
Q-1004,Valid Parentheses,Determine if input string of brackets is valid,StacksQueues,Easy,Meta,LeetCode,https://leetcode.com/problems/valid-parentheses/,Solved,false,Use stack. Push expected matching closing bracket or match on closing.,1774000300,1774000300,1774000300,1774500000,2,stack;string,local_user
Q-1005,Merge Intervals,Merge overlapping intervals into mutually exclusive intervals,Arrays,Medium,Bloomberg,LeetCode,https://leetcode.com/problems/merge-intervals/,InProgress,false,Sort intervals by start time first. Then compare current.start with last.end.,1774000400,1774000400,1774000400,1774100000,1,array;sorting;intervals,local_user
Q-1006,Binary Tree Level Order Traversal,Traverse binary tree level by level,Trees,Medium,Amazon,LeetCode,https://leetcode.com/problems/binary-tree-level-order-traversal/,Unsolved,false,BFS using queue. Take snapshot of queue size at start of each level loop.,1774000500,1774000500,0,1774050000,2,tree;bfs;queue,local_user
Q-1007,Number of Islands,Count islands in a 2D binary grid,Graphs,Medium,Google,LeetCode,https://leetcode.com/problems/number-of-islands/,Unsolved,true,DFS or BFS flood fill. Mark visited cells in-place with '0' to save space.,1774000600,1774000600,0,1774080000,1,graph;dfs;bfs;matrix,local_user
Q-1008,Dijkstras Algorithm,Find shortest paths from source vertex in weighted graph,Graphs,Medium,Uber,Custom,https://cp-algorithms.com/graph/dijkstra.html,InProgress,false,Min-heap priority queue with distance and vertex pairs.,1774000700,1774000700,1774000700,1774150000,1,graph;heap;shortest-path,local_user
Q-1009,LRU Cache,Design a Least Recently Used cache with O(1) get and put,LinkedLists,Medium,Apple,LeetCode,https://leetcode.com/problems/lru-cache/,Solved,true,Combine Hash Map with Doubly Linked List. Dummy head and tail nodes simplify edge cases.,1774000800,1774000800,1774000800,1774400000,1,hash-table;linked-list;design,local_user
